[
  {
    "id": 1,
    "priority": 1,
    "action": {
      "type": "modifyHeaders",
      "responseHeaders": [
        { "header": "x-frame-options", "operation": "remove" },
        { "header": "content-security-policy", "operation": "remove" },
        { "header": "Content-Security-Policy", "operation": "remove" },
        { "header": "frame-options", "operation": "remove" },
        { "header": "x-content-type-options", "operation": "remove" }
      ]
    },
    "condition": {
      "urlFilter": "messenger.com",
      "resourceTypes": ["sub_frame", "main_frame", "xmlhttprequest"]
    }
  },
  {
    "id": 2,
    "priority": 1,
    "action": {
      "type": "modifyHeaders",
      "requestHeaders": [
        { 
          "header": "Referer", 
          "operation": "set", 
          "value": "https://www.messenger.com/" 
        },
        {
          "header": "Sec-Fetch-Dest",
          "operation": "set",
          "value": "document"
        }
      ]
    },
    "condition": {
      "urlFilter": "messenger.com",
      "resourceTypes": ["sub_frame", "main_frame", "xmlhttprequest"]
    }
  }
]